{
  "id": "chroniclesystem",
  "name": "chroniclesystem",
  "title": "Chronicle System (Unofficial)",
  "description": "An implementation for Green Ronin's Chronicle System, used by SIFRP and Sword Chronicles.",
  "version": "0.5.0",
  "compatibility": {
    "minimum": "10",
    "verified": "10.290"
  },
  "minimumCoreVersion": "10",
  "authors": [
    {
      "name": "Kirlian '3darkman' Silvestre"
    },
    {
      "name": "Sephone 'lynnreave' Slattery",
      "discord": "Sephone#3998"
    }
  ],
  "url": "https://github.com/lynnreave/foundryvtt-chroniclesystem/",
  "bugs": "",
  "flags": {
    "allowBugReporter": true
  },
  "scripts": [],
  "esmodules": [
    "src/module/main.js"
  ],
  "styles": [
    "styles/global.css",
    "styles/item-sheet.css",
    "styles/actor-sheet.css",
    "styles/less/global.css",
    "styles/chat.css"
  ],
  "languages": [
    {
      "lang": "en",
      "name": "English",
      "path": "lang/en.json",
      "flags": {}
    }
  ],
  "packs": [],
  "manifest": "https://raw.githubusercontent.com/3darkman/foundryvtt-chroniclesystem/master/system.json",
  "download": "https://raw.githubusercontent.com/3darkman/foundryvtt-chroniclesystem/master/chroniclesystem.zip",
  "gridDistance": 5,
  "gridUnits": "ft",
  "primaryTokenAttribute": "health",
  "secondaryTokenAttribute": "power",
  "license": "ISC"
}