{
  "Actor": {
    "types": [
      "character",
      "house",
      "land",
      "organization",
      "unit"
    ],
    "templates": {
      "common": {
        "age": 0,
        "destinyPoints": {
          "current": 0,
          "max": 0
        },
        "sorceryPoints": {
          "current": 0,
          "max": 0
        },
        "derivedStats": {
          "intrigueDefense": {
            "value": 0,
            "modifier": 0,
            "override": false,
            "overrideValue": 0
          },
          "composure": {
            "value": 0,
            "modifier": 0,
            "current": 0
          },
          "frustration": {
            "value": 0,
            "modifier": 0,
            "current": 0
          },
          "combatDefense": {
            "value": 0,
            "modifier": 0,
            "override": false,
            "overrideValue": 0
          },
          "health": {
            "value": 0,
            "modifier": 0,
            "current": 0
          },
          "fatigue": {
            "value": 0,
            "modifier": 0,
            "current": 0
          },
          "armorRating": {
            "value": 0,
            "modifier": 0
          }
        },
        "wounds": [],
        "injuries": [],
        "currentDisposition": 0,
        "modifiers": {},
        "penalties": {},
        "bonuses": {},
        "poolMods": {},
        "movement": {
          "base": 4,
          "runBonus": 0,
          "sprintMultiplier": 4,
          "bulk": 0,
          "modifier": 0,
          "total": 0,
          "sprintTotal": 0
        }
      },
      "character-common": {
        "ancestries": [],
        "gender": "",
        "house": "",
        "height": "1.72",
        "weight": "70",
        "eyeColor": "",
        "hairColor": "",
        "mannerisms": "",
        "distinguishingFeatures": "",
        "personalHistory": "",
        "owned": {
          "abilities": [],
          "actionsCombat": [],
          "actionsIntrigue": [],
          "armors": [],
          "benefits": [],
          "drawbacks": [],
          "effects": [],
          "equipments": [],
          "mounts": [],
          "powers": [],
          "qualities": [],
          "relationships": [],
          "weapons": []
        },
        "currentStress": 0,
        "allies": "",
        "enemies": "",
        "oaths": "",
        "heraldry": "",
        "portrait": "",
        "motto": "",
        "coins": {
          "coppers": 0,
          "silvers": 0,
          "golds": 0
        },
        "glory": 0,
        "vice": "",
        "virtue": "",
        "motivation": "",
        "goal": "",
        "experience": {
          "spent": 0,
          "total": 0
        },
        "notes": ""
      }
    },
    "character": {
      "templates": [
        "common",
        "character-common"
      ],
      "fullName": "",
      "title": "",
      "ignoreCombatDefenseAgility": false,
      "ignoreCombatDefenseAthletics": false,
      "ignoreCombatDefenseAwareness": false,
      "ignoreIntrigueDefenseAwareness": false,
      "ignoreIntrigueDefenseCunning": false,
      "ignoreIntrigueDefenseStatus": false
    },
    "house": {
      "realm": "",
      "liege": "",
      "defense": {
        "startingValue": 0,
        "description": "",
        "total": 0
      },
      "influence": {
        "startingValue": 0,
        "description": "",
        "total": 0
      },
      "lands": {
        "startingValue": 0,
        "description": "",
        "total": 0
      },
      "law": {
        "startingValue": 0,
        "description": "",
        "total": 0
      },
      "population": {
        "startingValue": 0,
        "description": "",
        "total": 0
      },
      "power": {
        "startingValue": 0,
        "description": "",
        "total": 0
      },
      "wealth": {
        "startingValue": 0,
        "description": "",
        "total": 0
      },
      "historicalEvents": [],
      "motto": "",
      "members": {
        "head": "",
        "steward": "",
        "heirs": [],
        "family": [],
        "retainers": [],
        "servants": []
      }
    },
    "land": {
      "description": "",
      "population": 0,
      "owned": {
        "buildings": [],
        "features": [],
        "terrain": null
      }
    },
    "organization": {
      "description": "",
      "notes": "",
      "motto": "",
      "leaders": "",
      "leaderPosition": "",
      "stewards": "",
      "stewardPosition": "",
      "fortunes": true,
      "defense": {
        "current": 0,
        "invested": 0,
        "overrideInvested": false,
        "total": 0
      },
      "influence": {
        "current": 0,
        "invested": 0,
        "overrideInvested": false,
        "total": 0
      },
      "lands": {
        "current": 0,
        "invested": 0,
        "overrideInvested": false,
        "total": 0
      },
      "law": {
        "current": 0,
        "invested": 0,
        "overrideInvested": false,
        "total": 0
      },
      "population": {
        "current": 0,
        "invested": 0,
        "overrideInvested": false,
        "total": 0
      },
      "power": {
        "current": 0,
        "invested": 0,
        "overrideInvested": false,
        "total": 0
      },
      "wealth": {
        "current": 0,
        "invested": 0,
        "overrideInvested": false,
        "total": 0
      },
      "owned": {
        "buildings": [],
        "characters": [],
        "events": [],
        "features": [],
        "lands": [],
        "organizations": [],
        "positions": [],
        "units": []
      }
    },
    "unit": {
      "templates": [
        "common",
        "character-common"
      ],
      "commander": "",
      "currentFacing": 0,
      "currentFormation": 0,
      "currentOrder": "",
      "currentStatus": 0,
      "discipline": {
        "value": 0,
        "modifier": 0,
        "ordersReceivedModifier": 0
      },
      "discreteDefenses": {
        "vFighting": {
          "value": 0,
          "modifier": 0
        },
        "vMarksmanship": {
          "value": 0,
          "modifier": 0
        }
      },
      "disorganisation": {
        "value": 0,
        "modifier": 0,
        "current": 0
      },
      "investment": 0,
      "ordersReceived": {
        "value": 0,
        "modifier": 0,
        "current": 0
      },
      "owned": {
        "abilities": [],
        "armors": [],
        "effects": [],
        "equipments": [],
        "heroes": [],
        "orders": [],
        "weapons": []
      },
      "owner": "",
      "training": {
        "value": 0,
        "modifier": 0,
        "current": 0
      }
    }
  },
  "Item": {
    "types": [
      "ability",
      "actionCombat",
      "actionIntrigue",
      "armor",
      "benefit",
      "building",
      "drawback",
      "effect",
      "equipment",
      "event",
      "hero",
      "holding",
      "mount",
      "order",
      "position",
      "relationship",
      "technique",
      "terrain",
      "terrainFeature",
      "weapon"
    ],
    "templates": {
      "physicalItem": {
        "weight": 0
      },
      "equipmentItem": {
        "quantity": 1,
        "cost": "",
        "health": {
          "current": 1,
          "max": 1
        },
        "armorRating": 0
      },
      "itemDescription": {
        "description": "",
        "type": ""
      }
    },
    "armor": {
      "templates": [
        "itemDescription",
        "physicalItem"
      ],
      "rating": 0,
      "penalty": 0,
      "bulk": 0,
      "qualities": [],
      "equipped": 0
    },
    "building": {
      "templates": [
        "itemDescription"
      ],
      "benefit": "",
      "investment": 0,
      "resource": 0,
      "constructionTime": {
        "text": "",
        "elapsed": 0,
        "required": 0,
        "measurementUnit": "Month(s)"
      },
      "isUnderConstruction": false,
      "defenseBonus": 0,
      "fortuneModifier": 0,
      "fortunePoolModifier": 0
    },
    "ability": {
      "templates": [
        "itemDescription"
      ],
      "rating": 2,
      "modifier": 0,
      "specialties": []
    },
    "actionCombat": {
      "templates": [
        "itemDescription"
      ],
      "type": 0,
      "isWarfare": false,
      "isWarfareTurnEnd": false
    },
    "actionIntrigue": {
      "templates": [
        "itemDescription"
      ]
    },
    "benefit": {
      "templates": [
        "itemDescription"
      ],
      "categories": "",
      "requirements": "",
      "sorcerousArtAccess": false
    },
    "drawback": {
      "templates": [
        "itemDescription"
      ],
      "requireSorcerousArt": false,
      "isAStricture": false,
      "isAFlaw": false,
      "flawAttribute": "",
      "requirements": ""
    },
    "effect": {
      "templates": [
        "itemDescription"
      ],
      "isActive": true,
      "transformations": []
    },
    "equipment": {
      "templates": [
        "itemDescription",
        "equipmentItem"
      ]
    },
    "event": {
      "description": "",
      "formulas": {
        "defense": "",
        "influence": "",
        "lands": "",
        "law": "",
        "population": "",
        "power": "",
        "wealth": ""
      },
      "modifiers": {
        "defense": 0,
        "influence": 0,
        "lands": 0,
        "law": 0,
        "population": 0,
        "power": 0,
        "wealth": 0
      },
      "playerChoice": false,
      "numberOfChoices": 0,
      "bonusToChoices": "",
      "date": {
        "year": 0,
        "month": 0,
        "day": 0
      },
      "timestamp": 0
    },
    "holding": {
      "description": "",
      "investment": 0,
      "buildTime": "",
      "resource": "",
      "features": []
    },
    "mount": {
      "templates": [
        "itemDescription"
      ],
      "armorRating":  0,
      "combatDefense": 0,
      "cost": "",
      "health": {
        "current": 9,
        "max": 9
      },
      "equipped": 0,
      "movement": 8,
      "sprint": 32,
      "isWarhorse": false,
      "isStationary": false
    },
    "poison": {
      "templates": [
        "itemDescription",
        "equipmentItem"
      ],
      "delivery": "",
      "virulence": "",
      "frequency": "",
      "toxicity": 0,
      "diagnosis": 0,
      "effects": "",
      "recovery": ""
    },
    "position": {
      "templates": [
        "itemDescription"
      ],
      "isImportant": false,
      "equipped": 0,
      "weight": 0
    },
    "order": {
      "templates": [
        "itemDescription"
      ],
      "difficulty": 0,
      "equipped": 0,
      "standingOrder": ""
    },
    "relationship": {
      "templates": [
        "itemDescription"
      ],
      "name": "Character Name",
      "disposition": "Indifferent",
      "img": "",
      "influence": 0,
      "targetId": ""
    },
    "technique": {
      "type": "",
      "description": "",
      "learning": {
        "time": "",
        "difficult": 9
      },
      "arts": [],
      "scales": "",
      "works": []
    },
    "terrain": {
      "templates": [
        "itemDescription"
      ],
      "investment": 0
    },
    "terrainFeature": {
      "templates": [
        "itemDescription"
      ],
      "investment": 0
    },
    "weapon": {
      "templates": [
        "itemDescription",
        "physicalItem",
        "equipmentItem"
      ],
      "damage": "",
      "bulk": 0,
      "defense": 0,
      "equipped": 0,
      "offHandRating": 0,
      "piercing": 0,
      "reach": 0,
      "shattering": 0,
      "specialty": "",
      "training": 0,
      "qualities": [],
      "isAdaptable": false,
      "isDefending": false,
      "isFast": false,
      "isEntangling": false,
      "isGrabbing": false,
      "isImpaling": false,
      "isMounted": false,
      "isPowerful": false,
      "isReloadLesser": false,
      "isReloadGreater": false,
      "isSetForChargeOnly": false,
      "isSlow": false,
      "isStaggering": false,
      "isTwoHanded": false,
      "isUnwieldy": false,
      "isVicious": false
    }
  }
}
